Slug,Url
validus,https://www.validus.sg/
topindo,https://www.topindopulsa.com
greenarc-capital,http://www.greenarccapital.com
general-solusindo,https://generalsolusindo.com/
softwarebandits-inc,https://en.wikipedia.org/wiki/Software
kabar-games,https://www.kabargames.id
abhieo,https://www.abhieo.in/
cyberhythm,https://cyberhythm.cloud
benefitx,https://benefit.exchange
lystloc-inc,https://www.lystloc.com
transwap-1,https://transwap.com/
manatal,https://www.manatal.com/
sparrow,http://www.sparrowexchange.com
sparrow-exchange,http://www.sparrowexchange.com
gc-coupons,https://gccoupons.com/
jobscaptain,https://jobscaptain.com/
ssivixlab,http://www.ssivixlab.com
fluencesoft,http://fluencesoft.com
softweb-solutions-inc,https://www.softwebsolutions.com/
rka-infotech,https://www.rkainfotech.com/
begin-invest,https://www.begininvest.com/
horizon-quantum,http://horizonquantum.com/
knnb-pte-ltd,https://knnb.app
zengage,https://www.getzengage.com/
nitex,https://www.nitex.info
headtech-1o1,http://www.headtech1o1.com
amanotes,https://amanotes.com/
cardup,http://www.cardup.co
jireh-group-getdoc,http://www.getdoc.com
alphanova-pte-ltd,http://www.alphanova.com.sg
synqa,https://www.synqa.co/
booqed,http://www.booqed.com
jendela360,https://jendela360.com
milk-mantra,https://www.milkmantra.com/index.html
k-hotel,https://www.khotel.co/
digital-marketing-solution-pvt-ltd,https://www.digitalmarketingbd.com/
lyratics-technologies-sdn-bhd,http://lyratics.com
join-wonder,http://joinwonder.com
financial-butler,https://www.financialbutler.asia
alpharedservices,http://www.tcommercegateway.com
1-play-sports-pte-ltd,https://www.1playsports.com/
eventship-technologies,https://www.eventship.in/
my-best-studio,https://www.mybeststudio.com
nimble-solutions-co-ltd,http://www.izziguide.com
petskita,https://www.petskita.com/
uiuxden,http://www.uiuxden.com/
toxsl-technologies-pvt-ltd,https://toxsl.com/
e27,https://e27.co
pt-kirbat-baru-indonesia,https://adsmall.id/
hitchplanner,https://hitchplanner.com/
elkees-deals,https://deals.elkeesmedia.com/
coffeestarmy,https://coffeestar.my
senti,http://www.senti.ai
skibre,https://skibre.com/
popsical,http://popsical.tv/
fabelio,http://fabelio.com/
slvlab,https://www.slvlab.com
buzz-ar,https://buzzar.app
our-feeders,http://www.ourfeeders.com
jelajah-outdoor,http://jelajahoutdoor.com
shuttle-delivery,https://www.shuttledelivery.co.kr/en
techuniverses,https://www.techuniverses.com
gaze-ai,https://gaze.ai/
reebelo,https://www.reebelo.com/
one-championship,https://onefc.com/
theabbie,https://theabbie.github.io
thesitetraffic,https://thesitetraffic.com/
24-fix,http://www.24fix.co
couponwood,https://couponwood.com/
yesmom,https://yesmomfertility.com
finnish-education-solution-sdn-bhd,https://www.feds.fi
zmyhome,http://www.zmyhome.com
curlec,https://www.curlec.com/
smplrspace,http://www.smplrspace.com
onzla,http://www.onzla.com
amilent-technologies,https://www.amilenttechnologies.com/
dahn-group-pty-ltd,https://www.dahngroup.com.au
dika,http://www.dika-indonesia.com/
lokal,https://www.agencylokal.ph/
himalayan-recreation-treks-expedition,https://www.himalayanrecreation.com/
bindrr,https://e27.co/startups/bindrr/
matlack-leasing-llc-1,https://www.matlackleasing.com/
futurelabs-venture,http://www.futurelabs.vc
the-whale-story,https://www.thewhalestory.com
frea-technology-pte-ltd,http://www.frea.io
insurevite,https://insurevite.com
sociolabs,https://sociolabs.in/
gokreator,https://gokreator.com
tienngay-vn,https://tienngay.vn/
trutrip,http://trutrip.co/
masterdemy,https://www.masterdemy.com
quincus,http://www.quincus.com
leaderonomics,http://leaderonomics.org/
BigBluePeople,https://www.BigBluePeople.com.ar/
f88,https://www.linkedin.com/company/f88?originalSubdomain=vn
ula,https://www.linkedin.com/company/uladotapp/about/
split,https://paywithsplit.co/
smart-satu-global-pte-ltd,https://smartsatu.com
rent-connected,https://www.rentconnected.com/
propzy,http://propzy.vn
aegisco-limited,https://www.aegiscustody.com/
geometrid,https://www.geometrid.com
wallex-technologies-pte-ltd,https://wallex.asia/#/
soul-parking,http://soulparking.co.id/
wahed,https://wahedinvest.com/
finery-technology,https://www.finery.tech/
whitebox,https://www.whitebox.sg/
unison,https://unison.id/
otomo,https://www.otomo.co
dotyeti-com,http://www.dotyeti.com
tiger-brokers,https://www.itiger.com/
wif,http://wifworld.com
reality-rift,http://realityrift.gg
archisen,http://www.archisen.com/
pergiumroh,https://pergiumroh.com/
portcast,https://portcast.io
tueetor,https://www.tueetor.com/
tyyliluuri-fi,https://www.tyyliluuri.fi/
pt-phos-tekno-indonesia,https://www.on-trucks.com/
teamspirit-sg,http://www.teamspirit.com/en
quadby,https://quadby.com
pushsales,https://home.pushsale.vn/tong-quan
bossjob,https://bossjob.ph
brainvire-infotech-canada,https://www.brainvire.ca/
goplay,https://www.gojek.com/goplay/
jio,https://www.jio.com/welcome
mycdsolutions,https://www.mycdsolutions.com
zantrik,https://www.zantrik.com/
biqmind,https://biqmind.com/
factsbio,https://factsbio.com/
xenom-energy,http://xenomenergy.com/
talentbank-digital-career-festival,https://www.digitalcareerfest.com
talentbank,https://www.talentbankgroup.com
gradvoice-io,https://www.gradvoice.io
thecareergalaxy,https://thecareergalaxy.com
edigitalfirm,https://edigitalfirm.com
woobiz,https://www.woobiz.id
moneko-pte-ltd,http://www.moneko.app
antsomi,https://www.antsomi.com
hubble,https://hubble.sg/
vocay,http://vocay.io
lingoace,https://www.lingoace.com/
jalatech,https://jala.tech/en
nanox,https://www.nanox.vision/
h3-com-pte-ltd,https://www.heal-c.com/
ifarmer-ltd,https://www.ifarmer.asia/
yatharth-marketing-solutions,https://www.yatharthmarketing.com/sales-training-in-pune.html
tropic-biosciences,https://www.tropicbioscience.com/
suprams-info-solutions,https://www.suprams.com/
intelllex,https://intelllex.com/
go-jek,https://www.gojek.com/
workbean,http://www.workbean.co
the-finder,https://www.thefinder.com.sg/
hipla,https://hipla.io/
ivf-access,https://ivfaccess.com/
pouchnation,https://pouchpass.com
torum-technology-sdn-bhd,https://www.torum.com/
ikiguide,https://www.ikiguide.com/
faith-ecommerce-services,https://www.fecoms.com/
mambu,http://www.mambu.com
ivoji,https://www.ivoji.id
cube-wealth,https://www.bankoncube.com/
quaqua,https://www.quaqua.com/
iterative-indie-games-fund,https://iterative.fund
sarkariexam-org,https://sarkariexam.org
policystreet,http://www.policystreet.com
beam-mobility,https://www.ridebeam.com/
drinkprime,http://www.drinkprime.in
snowplus-technology,http://www.snowplustech.com
ibl-infotech,https://iblinfotech.com/
beam-scooter-rentals,https://www.ridebeam.com/
vouch,http://www.vouch.sg
greenlight-biosciences,https://www.greenlightbiosciences.com/
legatus-sdn-bhd,http://www.malaysiaev.com
dresma,https://dresma.com
dxd,https://doctorxdentist.com
quality-dental-cares,http://www.qualitydentalcares.com
dnawise-genetic-test-dna-test-package,https://www.indushealthplus.com/genetic-dna-testing/genetic-packages.html
queentessence,https://queentessence.io/
webautomation-io,https://webautomation.io/
voiz-fm,https://wewe.vn/
wiz-ai,https://www.wiz.ai/
specter-ai-pte-ltd,http://www.specter-ai.com
sentient-io,https://sentient.io/
advance,https://advance.ph/
endofotonics,http://www.endofotonics.com/
connectupz,https://connectupz.com
quadrant-io,http://www.quadrant.io
autodap,https://autodap.parts/
f-x-data-labs-pvt-ltd,https://htree.plus
ticket-9,https://theticket9.com/
pravica,https://pravica.io/
e-port-agency-pte-ltd,https://eport.agency/
cartrack-technologies-sea-pte-ltd,https://www.cartrack.sg/
strategizedparts,http://strateguzedparts.com
cid-auto,https://www.sucartv.co.kr/
podcast-network-asia,https://podcastnetwork.asia/
priyoshop-com,http://www.priyoshop.com/
go-mad-ai,https://go-mad.io
Epixel-Direct-Sales-Software,https://www.epixelmlmsoftware.com/direct-selling-software
brandgear,https://brandgear.in/
seamplify,http://www.seamplify.com
bondlinc,http://www.bondlinc.com
kinkao-ltd,http://lunch.kinkao.co/
second-opinion,https://www.asksecondopinion.com/
gobear,http://www.gobear.com.sg/#!/
acloudery-pte-ltd,http://acloudery.com
freelancertohire-job-site-in-odisha,https://freelancertohire.com
zero2unicorn-labs-private-limited,https://www.zero2unicorn.com
lendor,http://www.lendor.sg
hachium,https://hachium.com/
nectarbits-pvt-ltd,https://www.nectrabits.com
youteam,https://youteam.io
broxer,https://broxer.com
unary-team,https://unaryteam.com/
rekosistem,http://rekosistem.com/
senang,https://www.senangpks.com.my/
whalesave,http://Whalesave.com
dizitalsquare-training-solutions-llp,https://dizitalsquare.com/
mercurypay,https://www.mercurypay.xyz
pharmacycollege,http://www.pharmacycollege.in
ashmann-industries-sdn-bhd,http://www.ashmann.com
m2-insights,https://m2insights.com/
fieldcircle,https://www.fieldcircle.com/
rentickle,https://www.rentickle.com/
sagenext-infotech-llc,https://www.thesagenext.com/
guri,https://guriwellness.com
beknown,http://www.wearebeknown.com
jazzypay,https://JazzyPay.com
marketing-leopards,https://marketingleopards.com/
izwan-partners,https://www.izwanpartners.com
grab-2,http://www.grab.com/
aviation-virtual-pte-ltd,https://www.aviationvirtual.com.sg
bobobox,https://bobobox.co.id/
microleap,https://www.microleapasia.com/about-us/in-the-news/
block71-jakarta,http://jakarta.block71.co
block71-yogyakarta,http://yogyakarta@block71.co
block71-bandung,http://bandung.block71.co
akita-michinoku-capital,https://www.amctradinggroup.com
airvert,https://airvert.com/
qualee-technology,https://www.qualee.com
lightsout,http://www.lightsoutapp.com
softwareparade,https://en.wikipedia.org/wiki/Software
coalculus,https://www.coalculus.com/
bykido,https://bykido.com
onchain-custodian-pte-ltd,https://oncustodian.com
ve-capital-asia,http://vecapital.asia/
gateway-digital,https://www.thegatewaydigital.com/
piggybacksg,http://www.piggyback.sg
shuttleone,https://shuttleone.io/
